epoch,train_loss,test_loss,train_acc,test_acc,mod2_acc,mod3_acc
0,1.78736,1.79082,0.1938,0.1914,0.5888,0.3342
1,1.58404,1.59056,0.341,0.3312,1,0.3312
2,1.32834,1.3484,0.3596,0.3088,1,0.3088
3,1.23144,1.2493,0.3306,0.336,1,0.336
4,1.14603,1.17368,0.3756,0.296,1,0.296
5,1.12679,1.15501,0.366,0.3016,1,0.3016
6,1.12344,1.14867,0.3504,0.313,1,0.313
7,1.1153,1.14771,0.3664,0.303,1,0.303
8,1.13271,1.15617,0.346,0.3212,1,0.3212
9,1.11232,1.14972,0.3768,0.2958,1,0.2958
10,1.1064,1.13895,0.3544,0.3062,1,0.3062
11,1.09918,1.13665,0.3764,0.289,1,0.289
12,1.09623,1.13921,0.3822,0.2804,1,0.2804
13,1.09989,1.14128,0.3734,0.2916,1,0.2916
14,1.09799,1.1435,0.3822,0.2872,1,0.2872
15,1.09786,1.14925,0.3698,0.2994,1,0.2994
16,1.09197,1.14176,0.386,0.2862,1,0.2862
17,1.09842,1.15549,0.3684,0.3008,1,0.3008
18,1.09459,1.14248,0.3794,0.293,1,0.293
19,1.0981,1.15644,0.3798,0.2952,1,0.2952
20,1.0882,1.13622,0.395,0.2822,1,0.2822
21,1.08758,1.14016,0.385,0.2898,1,0.2898
22,1.08999,1.14233,0.3826,0.2962,1,0.2962
23,1.08385,1.14507,0.4112,0.2742,1,0.2742
24,1.10089,1.15805,0.404,0.2754,1,0.2754
25,1.08794,1.14712,0.4038,0.2796,1,0.2796
26,1.09165,1.15264,0.3892,0.2878,1,0.2878
27,1.08013,1.14621,0.3992,0.2856,1,0.2856
28,1.07634,1.14547,0.4226,0.2708,1,0.2708
29,1.07627,1.1494,0.4114,0.2758,1,0.2758
30,1.09818,1.16746,0.354,0.319,1,0.319
31,1.08648,1.15367,0.4008,0.2846,1,0.2846
32,1.09021,1.16552,0.3894,0.2966,1,0.2966
33,1.08772,1.15968,0.3868,0.301,1,0.301
34,1.07407,1.15961,0.4098,0.2796,1,0.2796
35,1.06985,1.14968,0.4188,0.2748,1,0.2748
36,1.09275,1.17877,0.3854,0.2978,1,0.2978
37,1.06402,1.14676,0.437,0.2714,1,0.2714
38,1.06757,1.16089,0.414,0.282,1,0.282
39,1.09697,1.18503,0.3814,0.3018,1,0.3018
40,1.06238,1.16145,0.4496,0.2736,1,0.2736
41,1.05948,1.16114,0.4176,0.2926,1,0.2926
42,1.0531,1.15655,0.4424,0.2738,1,0.2738
43,1.06291,1.16009,0.4078,0.302,1,0.302
44,1.04681,1.15503,0.4626,0.2792,1,0.2792
45,1.06032,1.16213,0.397,0.31,1,0.31
46,1.05552,1.16279,0.41,0.3062,1,0.3062
47,1.0411,1.15815,0.441,0.2992,1,0.2992
48,1.02838,1.14965,0.5062,0.281,1,0.281
49,1.03958,1.1586,0.4752,0.3044,1,0.3044
50,1.01918,1.13947,0.5198,0.29,1,0.29
51,1.04038,1.17854,0.438,0.3166,1,0.3166
52,1.02722,1.15664,0.4772,0.3054,1,0.3054
53,1.04089,1.16342,0.4478,0.3384,1,0.3384
54,0.998069,1.13013,0.551,0.3232,1,0.3232
55,0.995356,1.13325,0.5492,0.33,1,0.33
56,1.00651,1.14499,0.4594,0.3368,1,0.3368
57,0.984992,1.13865,0.5562,0.3486,1,0.3486
58,0.980255,1.1366,0.531,0.332,1,0.332
59,0.977008,1.12023,0.5404,0.3676,1,0.3676
60,0.968937,1.13548,0.547,0.3662,1,0.3662
61,0.973364,1.12322,0.5414,0.3826,1,0.3826
62,0.923855,1.08706,0.6454,0.3994,1,0.3994
63,0.927052,1.09532,0.5784,0.3778,1,0.3778
64,0.899423,1.06241,0.6732,0.4406,1,0.4406
65,0.90696,1.07121,0.6238,0.439,1,0.439
66,0.890725,1.06587,0.6368,0.4394,1,0.4394
67,0.882225,1.06698,0.627,0.431,1,0.431
68,0.864235,1.05191,0.6484,0.4374,1,0.4374
69,0.838245,1.02199,0.7076,0.5034,1,0.5034
70,0.829621,1.01933,0.6918,0.4888,1,0.4888
71,0.830434,1.0083,0.6778,0.4992,1,0.4992
72,0.836499,1.02501,0.624,0.4672,1,0.4672
73,0.772036,0.974133,0.7668,0.5546,1,0.5546
74,0.794254,1.0068,0.6902,0.5,1,0.5
75,0.745503,0.946465,0.7656,0.5576,1,0.5576
76,0.722772,0.918769,0.7916,0.5972,1,0.5972
77,0.716793,0.918278,0.765,0.581,1,0.581
78,0.711184,0.912353,0.751,0.5868,1,0.5868
79,0.666889,0.872099,0.8166,0.641,1,0.641
80,0.666842,0.874268,0.7964,0.622,1,0.622
81,0.626209,0.82904,0.8412,0.673,1,0.673
82,0.631494,0.846659,0.8154,0.653,1,0.653
83,0.604909,0.808207,0.8352,0.6664,1,0.6664
84,0.604634,0.819794,0.8312,0.6546,1,0.6546
85,0.595563,0.807756,0.8192,0.6726,1,0.6726
86,0.573429,0.798155,0.8356,0.67,1,0.67
87,0.532429,0.748096,0.8754,0.7194,1,0.7194
88,0.528786,0.738192,0.851,0.7048,1,0.7048
89,0.516002,0.735732,0.8648,0.7136,1,0.7136
90,0.508965,0.714283,0.8604,0.7186,1,0.7186
91,0.501809,0.700798,0.8594,0.7326,1,0.7326
92,0.456406,0.663353,0.8992,0.7674,1,0.7674
93,0.513697,0.719954,0.8356,0.7016,1,0.7016
94,0.437552,0.643142,0.9024,0.7746,1,0.7746
95,0.424663,0.632882,0.9048,0.7718,1,0.7718
96,0.413807,0.616299,0.91,0.7912,1,0.7912
97,0.396383,0.599317,0.9176,0.7964,1,0.7964
98,0.388197,0.599678,0.9166,0.795,1,0.795
99,0.381257,0.592283,0.9184,0.792,1,0.792
100,0.363656,0.570551,0.924,0.805,1,0.805
101,0.353801,0.561708,0.9258,0.8148,1,0.8148
102,0.334884,0.536453,0.9374,0.8266,1,0.8266
103,0.332942,0.539439,0.9354,0.8266,1,0.8266
104,0.313864,0.51126,0.9452,0.8404,1,0.8404
105,0.307381,0.503621,0.9456,0.8394,1,0.8394
106,0.30544,0.500355,0.9418,0.8398,1,0.8398
107,0.28838,0.477786,0.9562,0.8542,1,0.8542
108,0.316919,0.518894,0.9264,0.82,1,0.82
109,0.353933,0.582293,0.889,0.772,1,0.772
110,0.269192,0.453365,0.9564,0.8588,1,0.8588
111,0.248007,0.430417,0.9654,0.8764,1,0.8764
112,0.250916,0.435787,0.9616,0.8672,1,0.8672
113,0.246262,0.433124,0.959,0.8678,1,0.8678
114,0.253624,0.437096,0.9558,0.8556,1,0.8556
115,0.246966,0.432677,0.9552,0.8602,1,0.8602
116,0.225701,0.403113,0.9674,0.8824,1,0.8824
117,0.229172,0.411601,0.9652,0.873,1,0.873
118,0.205266,0.379502,0.977,0.8896,1,0.8896
119,0.201315,0.375512,0.975,0.8892,1,0.8892
120,0.202486,0.375215,0.9742,0.8908,1,0.8908
121,0.194495,0.363159,0.9766,0.8958,1,0.8958
122,0.184277,0.352862,0.98,0.9036,1,0.9036
123,0.191535,0.35589,0.9762,0.8994,1,0.8994
124,0.180099,0.352084,0.9776,0.8996,1,0.8996
125,0.178208,0.344731,0.98,0.9026,1,0.9026
126,0.189061,0.36338,0.9708,0.8894,1,0.8894
127,0.16871,0.330135,0.984,0.909,1,0.909
128,0.174837,0.342668,0.9768,0.8994,1,0.8994
129,0.154158,0.311313,0.9858,0.9182,1,0.9182
130,0.147488,0.302392,0.9888,0.925,1,0.925
131,0.189037,0.36169,0.9634,0.8758,1,0.8758
132,0.143274,0.298724,0.9886,0.9234,1,0.9234
133,0.139365,0.291795,0.99,0.9262,1,0.9262
134,0.139432,0.289254,0.9902,0.9236,1,0.9236
135,0.13095,0.278679,0.99,0.9298,1,0.9298
136,0.13602,0.286392,0.9876,0.9222,1,0.9222
137,0.151756,0.320505,0.9748,0.8968,1,0.8968
138,0.138586,0.281833,0.9876,0.9254,1,0.9254
139,0.119822,0.263397,0.9924,0.9346,1,0.9346
140,0.117256,0.257792,0.9928,0.9368,1,0.9368
141,0.121924,0.273074,0.9898,0.9236,1,0.9236
142,0.11494,0.253755,0.993,0.9372,1,0.9372
143,0.109175,0.247609,0.9942,0.9408,1,0.9408
144,0.113168,0.258779,0.9916,0.9318,1,0.9318
145,0.106594,0.248491,0.9932,0.9358,1,0.9358
146,0.11105,0.250948,0.9922,0.9334,1,0.9334
147,0.0977772,0.230916,0.9962,0.9466,1,0.9466
148,0.0990304,0.232295,0.9954,0.9428,1,0.9428
149,0.0934066,0.223383,0.9968,0.9486,1,0.9486
150,0.1026,0.241906,0.9926,0.9364,1,0.9364
151,0.0920938,0.219863,0.9972,0.9486,1,0.9486
152,0.0917672,0.220619,0.9966,0.948,1,0.948
153,0.0889052,0.214359,0.996,0.9502,1,0.9502
154,0.087231,0.212383,0.9976,0.9502,1,0.9502
155,0.0889683,0.215892,0.9958,0.9484,1,0.9484
156,0.0807284,0.20197,0.9978,0.9528,1,0.9528
157,0.0911109,0.224535,0.9938,0.9408,1,0.9408
158,0.0819254,0.209414,0.9972,0.948,1,0.948
159,0.0784244,0.199841,0.9978,0.9544,1,0.9544
160,0.0763044,0.196518,0.9988,0.9548,1,0.9548
161,0.073305,0.189275,0.9988,0.958,1,0.958
162,0.0720509,0.187362,0.999,0.9586,1,0.9586
163,0.0713676,0.188676,0.9986,0.9554,1,0.9554
164,0.0721771,0.185975,0.998,0.9574,1,0.9574
165,0.0709836,0.185381,0.9984,0.96,1,0.96
166,0.0659409,0.178844,0.999,0.9598,1,0.9598
167,0.0670123,0.182224,0.999,0.956,1,0.956
168,0.06414,0.175701,0.999,0.96,1,0.96
169,0.0628495,0.172252,0.9992,0.9616,1,0.9616
170,0.0635852,0.176058,0.999,0.9588,1,0.9588
171,0.0636249,0.173767,0.9986,0.961,1,0.961
172,0.0600695,0.167554,0.9994,0.9636,1,0.9636
173,0.0594228,0.168958,0.9996,0.962,1,0.962
174,0.0577859,0.16264,0.9992,0.9656,1,0.9656
175,0.0566768,0.162602,0.9994,0.963,1,0.963
176,0.05671,0.163617,0.9994,0.961,1,0.961
177,0.0564537,0.162154,0.9998,0.9636,1,0.9636
178,0.0559285,0.16396,0.9998,0.9624,1,0.9624
179,0.05263,0.153713,0.9996,0.968,1,0.968
180,0.0520607,0.153785,0.9998,0.9658,1,0.9658
181,0.0510895,0.150027,0.9996,0.9696,1,0.9696
182,0.0553063,0.157815,0.9992,0.9652,1,0.9652
183,0.0493452,0.147609,1,0.9688,1,0.9688
184,0.0486111,0.146082,0.9998,0.9682,1,0.9682
185,0.0482325,0.145598,0.9998,0.9686,1,0.9686
186,0.0496538,0.146747,0.9992,0.9698,1,0.9698
187,0.0465532,0.142565,0.9998,0.9698,1,0.9698
188,0.0461361,0.143029,0.9996,0.9682,1,0.9682
189,0.0454095,0.141785,0.9998,0.9688,1,0.9688
190,0.0443906,0.1391,1,0.9696,1,0.9696
191,0.0437751,0.13801,1,0.971,1,0.971
192,0.0451832,0.139431,0.9998,0.9698,1,0.9698
193,0.0433694,0.138146,0.9998,0.9682,1,0.9682
194,0.0435824,0.134393,1,0.9718,1,0.9718
195,0.0427334,0.13628,1,0.9682,1,0.9682
196,0.0421545,0.132142,0.9998,0.9726,1,0.9726
197,0.0407082,0.132396,1,0.9712,1,0.9712
198,0.0403921,0.130296,1,0.9716,1,0.9716
199,0.0428062,0.139628,0.9996,0.966,1,0.966
200,0.0393485,0.127712,1,0.9728,1,0.9728
201,0.0380132,0.125721,1,0.9742,1,0.9742
202,0.0377627,0.125692,1,0.9738,1,0.9738
203,0.0384389,0.125882,1,0.973,1,0.973
204,0.0366194,0.122573,1,0.9742,1,0.9742
205,0.0362521,0.122391,1,0.9756,1,0.9756
206,0.0358122,0.121337,1,0.9752,1,0.9752
207,0.0357384,0.120253,1,0.9746,1,0.9746
208,0.0388037,0.130655,0.9998,0.968,1,0.968
209,0.0346676,0.119732,1,0.9742,1,0.9742
210,0.0343823,0.116788,1,0.975,1,0.975
211,0.0331306,0.115594,1,0.9756,1,0.9756
212,0.0329565,0.115715,1,0.9758,1,0.9758
213,0.0324851,0.115044,1,0.9768,1,0.9768
214,0.0330778,0.117376,1,0.9752,1,0.9752
215,0.0322826,0.113691,1,0.9734,1,0.9734
216,0.033134,0.116937,1,0.9748,1,0.9748
217,0.0315336,0.111328,1,0.9764,1,0.9764
218,0.0355228,0.117589,0.9992,0.9742,1,0.9742
219,0.0301601,0.10931,1,0.9774,1,0.9774
220,0.0303433,0.108474,1,0.9774,1,0.9774
221,0.029701,0.108294,1,0.9772,1,0.9772
222,0.0292035,0.106658,1,0.9774,1,0.9774
223,0.028786,0.106674,1,0.9778,1,0.9778
224,0.0283693,0.105188,1,0.9776,1,0.9776
225,0.028138,0.104831,1,0.9774,1,0.9774
226,0.0278743,0.103593,1,0.9782,1,0.9782
227,0.0274362,0.102645,1,0.9788,1,0.9788
228,0.0296115,0.106802,1,0.9774,1,0.9774
229,0.0271632,0.102014,1,0.9788,1,0.9788
230,0.027347,0.101815,1,0.9782,1,0.9782
231,0.0263251,0.100245,1,0.9788,1,0.9788
232,0.0261991,0.101,1,0.9788,1,0.9788
233,0.0256521,0.0985596,1,0.9796,1,0.9796
234,0.025516,0.0986056,1,0.9788,1,0.9788
235,0.0253096,0.0979967,1,0.9794,1,0.9794
236,0.025001,0.097461,1,0.9788,1,0.9788
237,0.0250245,0.0979404,1,0.9788,1,0.9788
238,0.0250876,0.0967731,1,0.9786,1,0.9786
239,0.0253313,0.0984099,1,0.9774,1,0.9774
240,0.0243269,0.0956341,1,0.9804,1,0.9804
241,0.0249835,0.0960764,1,0.9796,1,0.9796
242,0.0237333,0.0943595,1,0.9796,1,0.9796
243,0.023228,0.092396,1,0.9804,1,0.9804
244,0.0230748,0.0930519,1,0.9792,1,0.9792
245,0.0229589,0.0918598,1,0.9804,1,0.9804
246,0.0229072,0.0915213,1,0.9802,1,0.9802
247,0.0223849,0.0908148,1,0.98,1,0.98
248,0.0230554,0.0920334,1,0.9802,1,0.9802
249,0.0219892,0.090328,1,0.9806,1,0.9806
250,0.0215984,0.0890051,1,0.9806,1,0.9806
251,0.0215097,0.0880663,1,0.981,1,0.981
252,0.0215034,0.0888606,1,0.9816,1,0.9816
253,0.0216261,0.0898496,1,0.9808,1,0.9808
254,0.0210924,0.0876252,1,0.9806,1,0.9806
255,0.0208364,0.0861933,1,0.982,1,0.982
256,0.0204698,0.0858944,1,0.981,1,0.981
257,0.0203946,0.0859077,1,0.9812,1,0.9812
258,0.020207,0.0852349,1,0.9808,1,0.9808
259,0.0200769,0.0855088,1,0.9816,1,0.9816
260,0.0200413,0.0845015,1,0.9816,1,0.9816
261,0.0197875,0.0844558,1,0.982,1,0.982
262,0.0198515,0.083253,1,0.9828,1,0.9828
263,0.0194217,0.0833106,1,0.9816,1,0.9816
264,0.019081,0.082385,1,0.982,1,0.982
265,0.0191386,0.0817896,1,0.9836,1,0.9836
266,0.0187967,0.0814939,1,0.9822,1,0.9822
267,0.0185676,0.0809076,1,0.982,1,0.982
268,0.0195616,0.0829391,1,0.9832,1,0.9832
269,0.0183966,0.0799137,1,0.9838,1,0.9838
270,0.0186986,0.0815903,1,0.982,1,0.982
271,0.0180014,0.0793445,1,0.9834,1,0.9834
272,0.0178097,0.07916,1,0.9828,1,0.9828
273,0.0177114,0.0782496,1,0.9834,1,0.9834
274,0.0176091,0.078978,1,0.9822,1,0.9822
275,0.01745,0.0780657,1,0.9832,1,0.9832
276,0.017272,0.077647,1,0.983,1,0.983
277,0.0173375,0.0789033,1,0.9822,1,0.9822
278,0.0170504,0.077403,1,0.9834,1,0.9834
279,0.0170554,0.0771441,1,0.9834,1,0.9834
280,0.0168851,0.0774327,1,0.983,1,0.983
281,0.0165791,0.0760291,1,0.9836,1,0.9836
282,0.016776,0.0758633,1,0.9848,1,0.9848
283,0.016339,0.0750639,1,0.9842,1,0.9842
284,0.0162228,0.0753046,1,0.983,1,0.983
285,0.0165186,0.0764132,1,0.9836,1,0.9836
286,0.0161252,0.0740139,1,0.9846,1,0.9846
287,0.0158528,0.0736095,1,0.9836,1,0.9836
288,0.0157483,0.0734251,1,0.9838,1,0.9838
289,0.0157285,0.0729585,1,0.9864,1,0.9864
290,0.015553,0.0727716,1,0.985,1,0.985
291,0.0156826,0.0744683,1,0.9832,1,0.9832
292,0.0153292,0.0727437,1,0.9846,1,0.9846
293,0.015328,0.0730298,1,0.9842,1,0.9842
294,0.0152681,0.0732804,1,0.9836,1,0.9836
295,0.0150459,0.0715599,1,0.985,1,0.985
296,0.0148218,0.0706794,1,0.9854,1,0.9854
297,0.0147134,0.0707937,1,0.9852,1,0.9852
298,0.0147654,0.0701612,1,0.9864,1,0.9864
299,0.0145647,0.070092,1,0.9858,1,0.9858
300,0.0143997,0.070054,1,0.9854,1,0.9854
301,0.014329,0.0694482,1,0.9862,1,0.9862
302,0.0141949,0.0688769,1,0.986,1,0.986
303,0.0142232,0.0691128,1,0.9852,1,0.9852
304,0.0143487,0.0695979,1,0.9858,1,0.9858
305,0.0139653,0.0685441,1,0.9854,1,0.9854
306,0.0138774,0.0679804,1,0.986,1,0.986
307,0.013768,0.0677032,1,0.9864,1,0.9864
308,0.0136931,0.0675488,1,0.9874,1,0.9874
309,0.0138398,0.0680973,1,0.987,1,0.987
310,0.0134844,0.0676181,1,0.9854,1,0.9854
311,0.0133698,0.0667446,1,0.9872,1,0.9872
312,0.01327,0.06641,1,0.986,1,0.986
313,0.013172,0.0663308,1,0.986,1,0.986
314,0.0131977,0.0662621,1,0.988,1,0.988
315,0.0133204,0.066436,1,0.9872,1,0.9872
316,0.0129793,0.0654933,1,0.9868,1,0.9868
317,0.012835,0.0653881,1,0.9868,1,0.9868
318,0.0128215,0.0650716,1,0.987,1,0.987
319,0.0127777,0.0649468,1,0.9864,1,0.9864
320,0.0126377,0.0645249,1,0.987,1,0.987
321,0.0125529,0.0642601,1,0.9868,1,0.9868
322,0.0124884,0.0642897,1,0.9872,1,0.9872
323,0.012382,0.0639622,1,0.9866,1,0.9866
324,0.0125974,0.0648129,1,0.9876,1,0.9876
325,0.0122881,0.0635982,1,0.9872,1,0.9872
326,0.0122153,0.063589,1,0.9874,1,0.9874
327,0.0120612,0.0626027,1,0.9882,1,0.9882
328,0.0119995,0.0624859,1,0.9882,1,0.9882
329,0.0119718,0.0626919,1,0.9876,1,0.9876
330,0.0117959,0.0621273,1,0.9878,1,0.9878
331,0.0118623,0.0628043,1,0.9868,1,0.9868
332,0.0120304,0.0624178,1,0.9886,1,0.9886
333,0.0116165,0.0617653,1,0.9878,1,0.9878
334,0.0116006,0.0616084,1,0.9884,1,0.9884
335,0.0115435,0.061288,1,0.9882,1,0.9882
336,0.011481,0.0609229,1,0.9886,1,0.9886
337,0.0113969,0.0606182,1,0.9886,1,0.9886
338,0.0112883,0.0604321,1,0.9884,1,0.9884
339,0.0112315,0.0607657,1,0.9878,1,0.9878
340,0.0111766,0.0598646,1,0.9888,1,0.9888
341,0.0111148,0.0604072,1,0.9882,1,0.9882
342,0.0110315,0.0602469,1,0.9876,1,0.9876
343,0.0109984,0.0599887,1,0.989,1,0.989
344,0.0108751,0.0593811,1,0.9882,1,0.9882
345,0.0108312,0.0595501,1,0.9878,1,0.9878
346,0.0108157,0.0592212,1,0.989,1,0.989
347,0.0107805,0.0592633,1,0.9884,1,0.9884
348,0.0106277,0.058625,1,0.9888,1,0.9888
349,0.0105962,0.0586484,1,0.9884,1,0.9884
350,0.0105565,0.0585193,1,0.9888,1,0.9888
351,0.0105326,0.0580897,1,0.9894,1,0.9894
352,0.0104208,0.057801,1,0.989,1,0.989
353,0.0103813,0.0575246,1,0.9894,1,0.9894
354,0.0103541,0.0576903,1,0.9892,1,0.9892
355,0.0102399,0.057531,1,0.9892,1,0.9892
356,0.0102058,0.0575454,1,0.9888,1,0.9888
357,0.0101431,0.0573166,1,0.9888,1,0.9888
358,0.0100956,0.0570101,1,0.9892,1,0.9892
359,0.0100474,0.0571948,1,0.9882,1,0.9882
360,0.00997664,0.0567425,1,0.9888,1,0.9888
361,0.00991126,0.0565086,1,0.989,1,0.989
362,0.00989428,0.0561812,1,0.9902,1,0.9902
363,0.00985271,0.0561066,1,0.9894,1,0.9894
364,0.00976369,0.0559301,1,0.989,1,0.989
365,0.00971538,0.0558622,1,0.9888,1,0.9888
366,0.00984104,0.0557745,1,0.9902,1,0.9902
367,0.0096274,0.055395,1,0.99,1,0.99
368,0.00974917,0.0563503,1,0.9886,1,0.9886
369,0.00958914,0.0552142,1,0.9902,1,0.9902
370,0.00959293,0.0551599,1,0.99,1,0.99
371,0.00941134,0.0548424,1,0.9894,1,0.9894
372,0.0093767,0.0546879,1,0.9902,1,0.9902
373,0.00948399,0.055252,1,0.9888,1,0.9888
374,0.00942178,0.055102,1,0.989,1,0.989
375,0.00925146,0.0541775,1,0.99,1,0.99
376,0.00917804,0.0540264,1,0.9894,1,0.9894
377,0.00914936,0.0539343,1,0.9896,1,0.9896
378,0.00938201,0.0555007,1,0.988,1,0.988
379,0.00909469,0.0537252,1,0.9908,1,0.9908
380,0.00902337,0.0533487,1,0.9904,1,0.9904
381,0.00903914,0.0537704,1,0.9894,1,0.9894
382,0.00892133,0.0532276,1,0.99,1,0.99
383,0.00888921,0.0531501,1,0.9892,1,0.9892
384,0.00886615,0.0530847,1,0.9898,1,0.9898
385,0.00881247,0.0525832,1,0.9904,1,0.9904
386,0.00875183,0.0526788,1,0.9902,1,0.9902
387,0.00873436,0.0527523,1,0.9896,1,0.9896
388,0.00867598,0.052213,1,0.9908,1,0.9908
389,0.00868799,0.052908,1,0.9896,1,0.9896
390,0.0085807,0.0521491,1,0.9904,1,0.9904
391,0.00855503,0.0521983,1,0.9906,1,0.9906
392,0.00854541,0.0522542,1,0.9894,1,0.9894
393,0.00852654,0.051395,1,0.9912,1,0.9912
394,0.00846597,0.0518252,1,0.9908,1,0.9908
395,0.00839804,0.0516597,1,0.9902,1,0.9902
396,0.00834914,0.0513272,1,0.9904,1,0.9904
397,0.00832737,0.0510344,1,0.9908,1,0.9908
398,0.00827155,0.0510316,1,0.991,1,0.991
399,0.00824811,0.0510885,1,0.9902,1,0.9902
400,0.00835675,0.0517956,1,0.9904,1,0.9904
